<?xml version="1.0"?>
<!DOCTYPE hibernate-mapping PUBLIC "-//Hibernate/Hibernate Mapping DTD 3.0//EN"
"http://www.hibernate.org/dtd/hibernate-mapping-3.0.dtd">
<hibernate-mapping package="com.buptsse.spm.domain">
	<class name="Count" table="click_log">
		<cache usage="read-write" /> <!-- 缓存 -->
		<id name="id" column="id" type="integer">
			<generator class="increment" />
		</id>
		<property name="mid" column="mid" length="11"
			type="string" />
		<property name="uid" column="uid" length="11"
			type="string" />
		<property name="click_time" column="click_time" length="45"
			type="string" />
	</class>
</hibernate-mapping>
