<?xml version="1.0"?>
<!DOCTYPE hibernate-mapping PUBLIC "-//Hibernate/Hibernate Mapping DTD 3.0//EN"
"http://www.hibernate.org/dtd/hibernate-mapping-3.0.dtd">
<hibernate-mapping package="com.buptsse.spm.domain">
	<class name="DownLoad" table="download">
		<cache usage="read-write" /> <!-- 缓存 -->
		<id name="id" column="id" type="int">
			<generator class="increment"/>
		</id>
		<property name="title" column="title" 
			type="string" />
		<property name="statement" column="statement" 
			type="string" />
		<property name="filePath" column="filePath"  
			type="string" />

	</class>
</hibernate-mapping>
