<?xml version="1.0"?>
<!DOCTYPE hibernate-mapping PUBLIC "-//Hibernate/Hibernate Mapping DTD 3.0//EN"
"http://www.hibernate.org/dtd/hibernate-mapping-3.0.dtd">
<hibernate-mapping package="com.buptsse.spm.domain">
	<class name="TeachingPlan" table="teachingplan">
		<cache usage="read-write" /> <!-- 缓存 -->
		<id name="id" column="id" type="int">
			<generator class="increment"/>
		</id>
		<property name="pieceId" column="pieceId" 
			type="string" />
		<property name="pieceName" column="pieceName" 
			type="string" />
		<property name="chapterId" column="chapterId"  
			type="string" />
		<property name="chapterName" column="chapterName"  
			type="string" />
		<property name="filePath" column="filePath"  
			type="string" />			
	</class>
</hibernate-mapping>
