<?xml version="1.0"?>
<!DOCTYPE hibernate-mapping PUBLIC "-//Hibernate/Hibernate Mapping DTD 3.0//EN"
"http://www.hibernate.org/dtd/hibernate-mapping-3.0.dtd">
<hibernate-mapping package="com.buptsse.spm.domain">
	<class name="TradeInfo" table="tradeinfo">
		<cache usage="read-write" /> <!-- 缓存 -->
		<id name="idTradeInfo" column="idTradeInfo" type="int">
			<generator class="increment"/>
		</id>
		<property name="title" column="title" 
			type="string" />
		<property name="content" column="content" 
			type="string" />

	</class>
</hibernate-mapping>
