<?xml version="1.0"?>
<!DOCTYPE hibernate-mapping PUBLIC "-//Hibernate/Hibernate Mapping DTD 3.0//EN"
"http://www.hibernate.org/dtd/hibernate-mapping-3.0.dtd">
<hibernate-mapping package="com.buptsse.spm.domain">
	<class name="User" table="User">
		<cache usage="read-write" /> <!-- 缓存 -->
		<id name="id" column="id" type="string">
			<generator class="assigned" />
		</id>
		<property name="userName" column="userName" length="45"
			type="string" />
		<property name="password" column="password" length="45"
			type="string" />
		<property name="position" column="position" length="45"
			type="string" />
		<property name="userId" column="userId" length="45"
			type="string" />
		<property name="videoTime" column="videoTime"
			type="integer" />
		<property name="nickname" column="nickname" length="45"
			type="string" />
		<property name="gender" column="gender" length="2"
			type="string" />
		<property name="maxDegree" column="maxDegree" length="15"
			type="string" />
		<property name="identity" column="identity" length="5"
			type="string" />
		<property name="school" column="school" length="45"
			type="string" />
		<property name="selfIntroduction" column="selfIntroduction" length="100"
			type="string" />
	</class>
</hibernate-mapping>
