<?xml version="1.0" encoding="UTF-8" ?>
<!DOCTYPE struts PUBLIC
	"-//Apache Software Foundation//DTD Struts Configuration 2.3//EN"
	"http://struts.apache.org/dtds/struts-2.3.dtd">
<struts>
	<package name="hysd" extends="struts-default" namespace="/">
	
		<default-action-ref name="indexPage" />
		
		<global-results>
			<result name="exceptionPage">/error/exceptionPage.jsp</result>
		</global-results>
		
		<global-exception-mappings>
			<exception-mapping result="exceptionPage" exception="java.lang.Exception" />
		</global-exception-mappings>
		
		
		<action name="indexPage">
			<result>jsp/register.jsp</result>
		</action>
		
		<!-- 登入 -->
		<action name="loginAction" method="login" class="LoginAction">
			<result name="success">jsp/mainFrame.jsp</result>
			<result name="error">jsp/register.jsp</result>
		</action>
		
		<!-- 登出 -->
		<action name="logOut" method="logout" class="LoginAction">
			<result name="success">/jsp/register.jsp</result>
			<result name="error">jsp/register.jsp</result>
		</action>		
		
		<!-- 注册 -->
		<action name="registerAction" method="register" class="RegisterAction">
			<result name="success"></result>
			<result name="error">jsp/register.jsp</result>
		</action>
		
		<!-- 查询user列表 -->
		<action name="listUser" method="listUser" class="RegisterAction">
			<result name="success"></result>
			<result name="error">jsp/register.jsp</result>
		</action>
		
		<!-- 删除user -->
		<action name="deleteUser" method="deleteUser" class="RegisterAction">
			<result name="success"></result>
			<result name="error">jsp/register.jsp</result>
		</action>	
						
		<!-- 增加user -->
		<action name="insertUser" method="insertUser" class="RegisterAction">
			<result name="success"></result>
			<result name="error">jsp/register.jsp</result>
		</action>	
				
				<!-- 新增用户资料完善-获取用户信息 -->
		<action name="getUserInfo" method="getUserInfo" class="EditUserAction">
		    <result name="success"></result>
		    <result name="error">jsp/error.jsp</result>
		</action>
		
		<!-- 新增用户资料完善-保存更新用户信息 -->
		<action name="userInfoAdd" method="userInfoAdd" class="EditUserAction">
		    <result name="success"></result>
		    <result name="error">jsp/error.jsp</result>
		</action>
		
		<!-- 新增模块次数统计-获取信息 -->
		<action name="getCountInfo" method="getCountInfo" class="CountAction">
		    <result name="success"></result>
		    <result name="error">jsp/error.jsp</result>
		</action>
		
		<!-- 获取所有用户名 -->
		<action name="getAllUser" method="getAllUser" class="EditUserAction">
		    <result name="success"></result>
		    <result name="error">jsp/error.jsp</result>
		</action>
		
		<!-- 保存用户点击记录 -->
		<action name="saveUserCount" method="saveUserCount" class="CountAction">
		    <result name="success"></result>
		    <result name="error">jsp/error.jsp</result>
		</action>
		
		<!-- 查询课程信息 -->
		<action name="courseQuery" method="listCourse" class="courseAction">
			<result name="success"></result>
			<result name="error">jsp/error.jsp</result>
		</action>	
		<!-- 修改课程信息 -->		
		<action name="courseUpdate" method="updateCourse" class="courseAction">
			<result name="success"></result>
			<result name="error">jsp/error.jsp</result>
		</action>	
		<!-- 插入课程信息 -->	
		<action name="insertCourse" method="insertCourse" class="courseAction">
			<result name="success"></result>
			<result name="error">jsp/error.jsp</result>
		</action>				
	
	    <!-- 邮件通知 -->
		<action name="emailNotify" method="emailNotify" class="emailAction">
			<result name="success">jsp/course/notifySuccess.jsp</result>
			<result name="error">error/error.jsp</result>
		</action>
		
		<!-- 查询学生成绩 -->
		<action name="getScoreN" method="getScore" class="courseAction">
			<result name="success">jsp/course/scoreQueryList.jsp</result>
			<result name="error">error/error.jsp</result>
		</action>	
	
	    <!-- 上传学生成绩 -->
		<action name="uploadScoreFile" method="uploadScoreFile" class="uploadAction">
			<result name="success"></result>
			<result name="error">error/error.jsp</result>
		</action>	
			
			
	    <!-- 留言板 -->
		<action name="findMessageList" method="findMessageList" class="messageAction">
			<result name="success">/jsp/message/showMessage.jsp</result>
			<result name="error">error/error.jsp</result>
		</action>			
		
		<!-- 保存留言 -->
		<action name="saveMessage" method="insertMessage" class="messageAction">
			<result name="success">/jsp/message/showMessage.jsp</result>
			<result name="error">error/error.jsp</result>
		</action>
		
		<!-- 保存留言 -->
		<action name="deleteMessage" method="deleteMessage" class="messageAction">
			<result name="success"></result>
			<result name="error">error/error.jsp</result>
		</action>		
		
				
		 <!-- 网上测试 -->
		<action name="listExam" method="findExamList" class="examAction">
			<result name="success">/jsp/exam/examList.jsp</result>
			<result name="error">error/error.jsp</result>
		</action>			
		
		 <!-- 增加测试题-->
		<action name="addQuestion" method="addQuestion" class="examAction">
			<result name="success"></result>
			<result name="error">error/error.jsp</result>
		</action>		
		
		<!-- 查询测试题-->
		<action name="queryQuestion" method="queryQuestion" class="examAction">
			<result name="success">/jsp/exam/showExam.jsp</result>
			<result name="error">error/error.jsp</result>
		</action>	
		
		<!-- 进入测试题-->
		<action name="enterExam" method="queryQuestion" class="examAction">
			<result name="success">/jsp/exam/enterExam.jsp</result>
			<result name="error">error/error.jsp</result>
		</action>			

		<!-- 校验试题答案-->
		<action name="checkAnswer" method="checkAnswer" class="examAction">
			<result name="success">/jsp/exam/viewExamResult.jsp</result>
			<result name="error">error/error.jsp</result>
		</action>
		
		<!-- 删除测试题-->
		<action name="deleteExam" method="deleteExam" class="examAction">
			<result name="success"></result>
			<result name="error">error/error.jsp</result>
		</action>	
		
		
		<!-- 删除具体的问题-->
		<action name="deleteQuestion" method="deleteQuestion" class="examAction">
			<result name="success"></result>
			<result name="error">error/error.jsp</result>
		</action>		
		
		<!-- 行业信息列表-->
		<action name="findTradeInfoList" method="findTradeInfoList" class="tradeInfoAction">
			<result name="success">/jsp/trade/tradeInfo.jsp</result>
			<result name="error">error/error.jsp</result>
		</action>		
		
		<!-- 查找行业信息-->
		<action name="findTradeInfo" method="findTradeInfo" class="tradeInfoAction">
			<result name="success">/jsp/trade/detailInfo.jsp</result>
			<result name="error">error/error.jsp</result>
		</action>		
		
		<!-- 行业详情-->
		<action name="enterIndex" method="findTradeInfoList" class="tradeInfoAction">
			<result name="success">/jsp/right.jsp</result>
			<result name="error">error/error.jsp</result>
		</action>		
		
		<!-- 查看下载信息-->
		<action name="listDownLoad" method="findDownLoadList" class="downLoadAction">
			<result name="success">/jsp/download/downLoad.jsp</result>
			<result name="error">error/error.jsp</result>
		</action>			
		
		<!-- 增加下载信息-->
		<action name="addDownload" method="insertDownLoad" class="downLoadAction">
			<result name="success"></result>
			<result name="error">error/error.jsp</result>
		</action>		
		
		<!-- 删除下载信息-->
		<action name="deleteDownload" method="deleteDownLoad" class="downLoadAction">
			<result name="success">/jsp/download/downLoad.jsp</result>
			<result name="error">error/error.jsp</result>
		</action>			
		
		<!-- 基本信息菜单 -->
		<action name="enterintro" method="enterBasicInfo" class="BasicInfoAction">
			<!-- 课程简介  -->
			<result name="kechengjianjie">jsp/introduction/courseIntro.jsp</result>
			<!-- 教学大纲  -->
			<result name="jiaoxuedagang">jsp/introduction/outline.jsp</result>
			<!-- 课时安排  -->
			<result name="keshianpai">jsp/introduction/teachingPlan.jsp</result>
			<!-- 课程特色  -->
			<result name="kechengtese">jsp/introduction/character.jsp</result>
			<!-- 考评方式  -->
			<result name="kaopingfangshi">jsp/introduction/wayOfTest.jsp</result>
			<!-- 参考书目  -->
			<result name="cankaoshumu">jsp/introduction/references.jsp</result>

			<!-- 考试大纲  -->
			<result name="kaoshidagang">jsp/introduction/tools.jsp</result>			

			<!-- 知识点索引 -->
			<result name="zhishidiansuoyin">jsp/introduction/practice.jsp</result>	
			
			<!-- 教师队伍 -->
			<result name="jiaoshiduiwu">jsp/introduction/teacherTeam.jsp</result>				
			<!-- 校企合作 -->
			<result name="xiaoqihezuo">jsp/introduction/cooperation.jsp</result>
			<!-- 学术水平 -->
			<result name="xueshushuiping">jsp/introduction/academicLevel.jsp</result>
			<!-- 联系我们 -->
			<result name="lianxiwomen">jsp/introduction/contact.jsp</result>
			<!-- 练习题 -->
			<result name="exerciseMain">/jsp/exercise/mainView.jsp</result>
			<result name="exercise0">/jsp/exercise/exercise.jsp</result>
			<result name="exercise1">/jsp/exercise/exercise1.jsp</result>
			<result name="exercise2">/jsp/exercise/exercise2.jsp</result>
			<result name="exercise3">/jsp/exercise/exercise3.jsp</result>
			<result name="exercise4">/jsp/exercise/exercise4.jsp</result>
			<result name="exercise5">/jsp/exercise/exercise5.jsp</result>
			<result name="exercise6">/jsp/exercise/exercise6.jsp</result>
			<result name="exercise7">/jsp/exercise/exercise7.jsp</result>
			<result name="exercise8">/jsp/exercise/exercise8.jsp</result>
			<result name="exercise9">/jsp/exercise/exercise9.jsp</result>
			<result name="exercise10">/jsp/exercise/exercise10.jsp</result>
			<result name="exercise11">/jsp/exercise/exercise11.jsp</result>
			<result name="exercise12">/jsp/exercise/exercise12.jsp</result>
			<result name="exercise13">/jsp/exercise/exercise13.jsp</result>
		</action>
	
		<!-- 修改基本信息跳转 -->
		<action name="editBasicInfo" method="editBasicInfo" class="BasicInfoAction">
			<result name="success">/jsp/introduction/editBasicInfo.jsp</result>
		</action>
		
		<!-- 修改基本信息确认 -->
		<action name="updateBasicInfo" method="updateBasicInfo" class="BasicInfoAction">
			<result name="success"></result>
			<result name="error">error/error.jsp</result>
		</action>		
		
		<!-- 授课教案-->
		<action name="listTeachingPlan" method="findTeachingPlanList" class="teachingPlanAction">
			<result name="success">/jsp/course/courseware.jsp</result>
			<result name="error">error/error.jsp</result>	
		</action>		

		<!-- 删除教案-->
		<action name="deleteTeaching" method="deleteTeachingPlan" class="teachingPlanAction">
			<result name="success"></result>
			<result name="error">error/error.jsp</result>	
		</action>	

		<!-- 增加教案-->
		<action name="addTeaching" method="insertTeachingPlan" class="teachingPlanAction">
			<result name="success">/jsp/course/courseware.jsp</result>
			<result name="error">error/error.jsp</result>	
		</action>		
		
		<!-- 教学视频-->
		<action name="listSpChapter" method="findSpChapterList" class="spChapterAction">
			<result name="success">/jsp/video/video.jsp</result>
			<result name="error">error/error.jsp</result>	
		</action>	
				
		<!-- 视频章节查看-->
		<action name="videoShow" method="findSpChapter" class="spChapterAction">
			<result name="success">/jsp/video/videoDetail.jsp</result>
			<result name="error">error/error.jsp</result>	
		</action>			
		
			<!-- 视频播放处理-->
		<action name="pauseSchedule" method="pauseSchedule" class="courseScheduleAction">
			<result name="success"></result>
			<result name="error">error/error.jsp</result>	
		</action>	
		


		<!-- 系统配置表-->
		<action name="listConfigInfo" method="findConfigInfoList" class="configInfoAction">
			<result name="success"></result>
			<result name="error">error/error.jsp</result>	
		</action>	

		<!-- 系统配置表-->
		<action name="editConfigInfo" method="editConfigInfo" class="configInfoAction">
			<result name="success"></result>
			<result name="error">error/error.jsp</result>	
		</action>

	</package>

</struts>

